INSERT INTO Estado VALUES ('ACT', 'Activo');
INSERT INTO Estado VALUES ('IN', 'Inactivo');

INSERT INTO TipoArchivo VALUES ('PDF', 'Documento Portable');
INSERT INTO TipoArchivo VALUES ('DOC', 'Documento');
INSERT INTO TipoArchivo VALUES ('XLS', 'Hoja de Calculo');
INSERT INTO TipoArchivo VALUES ('GIF', 'Imagen');
INSERT INTO TipoArchivo VALUES ('BMP', 'Imagen');
INSERT INTO TipoArchivo VALUES ('MP4', 'Video');
INSERT INTO TipoArchivo VALUES ('AVI', 'Video');
INSERT INTO TipoArchivo VALUES ('MP3', 'Musica');
INSERT INTO TipoArchivo VALUES ('EXE', 'Ejecutable');

INSERT INTO Categoria VALUES ('PRI', 'Principal');
INSERT INTO Categoria VALUES ('PRO', 'Promocion');
INSERT INTO Categoria VALUES ('SOC', 'Social');
INSERT INTO Categoria VALUES ('NOT', 'Notificacion');
INSERT INTO Categoria VALUES ('FOR', 'Foro');
INSERT INTO Categoria VALUES ('INP', 'Importante');
INSERT INTO Categoria VALUES ('SPA', 'Spam');
INSERT INTO Categoria VALUES ('PAP', 'Papelera');

INSERT INTO TipoCarpeta VALUES ('Rec', 'Recibido');
INSERT INTO TipoCarpeta VALUES ('Env', 'Enviado');
INSERT INTO TipoCarpeta VALUES ('Bor', 'Borrador');

INSERT INTO TipoCopia VALUES ('CO', 'Copia');
INSERT INTO TipoCopia VALUES ('COO', 'Copia Oculta');

INSERT INTO Pais VALUES ('063', 'Argentina', '.ar');
INSERT INTO Pais VALUES ('097', 'Bolivia', '.bo');
INSERT INTO Pais VALUES ('105', 'Brasil', '.br');
INSERT INTO Pais VALUES ('149', 'Canada', '.ca');
INSERT INTO Pais VALUES ('169', 'Colombia', '.co');
INSERT INTO Pais VALUES ('245', 'Espana', '.es');
INSERT INTO Pais VALUES ('249', 'Estados Unidos', '.us');
INSERT INTO Pais VALUES ('275', 'Francia', '.fr');

INSERT INTO USUARIO (USUARIO, IDPAIS, IDESTADO, NOMBRE, APELLIDO, FECHANACIMIENTO, FECHACREACION, CORREOALTERNO, CELULAR) VALUES
('U001', '063', 'ACT', 'Juan', 'Perez', TO_DATE('2000-05-15', 'YYYY-MM-DD'), SYSDATE, 'U001@bd.edu.ar', '3001234567');
INSERT INTO USUARIO (USUARIO, IDPAIS, IDESTADO, NOMBRE, APELLIDO, FECHANACIMIENTO, FECHACREACION, CORREOALTERNO, CELULAR) VALUES
('U002', '097', 'ACT', 'Maria', 'Gomez', TO_DATE('1999-08-22', 'YYYY-MM-DD'), SYSDATE, 'U002@bd.edu.bo', '3002345678');
INSERT INTO USUARIO (USUARIO, IDPAIS, IDESTADO, NOMBRE, APELLIDO, FECHANACIMIENTO, FECHACREACION, CORREOALTERNO, CELULAR) VALUES
('U003', '169', 'ACT', 'Carlos', 'Lopez', TO_DATE('2001-01-10', 'YYYY-MM-DD'), SYSDATE, 'U003@bd.edu.co', '3003456789');
INSERT INTO USUARIO (USUARIO, IDPAIS, IDESTADO, NOMBRE, APELLIDO, FECHANACIMIENTO, FECHACREACION, CORREOALTERNO, CELULAR) VALUES
('U004', '169', 'ACT', 'Ana', 'Martinez', TO_DATE('2002-07-30', 'YYYY-MM-DD'), SYSDATE, 'U004@bd.edu.co', '3004567890');
INSERT INTO USUARIO (USUARIO, IDPAIS, IDESTADO, NOMBRE, APELLIDO, FECHANACIMIENTO, FECHACREACION, CORREOALTERNO, CELULAR) VALUES
('U005', '169', 'ACT', 'Luis', 'Ramirez', TO_DATE('1998-12-05', 'YYYY-MM-DD'), SYSDATE, 'U005@bd.edu.co', '3005678901');
INSERT INTO USUARIO (USUARIO, IDPAIS, IDESTADO, NOMBRE, APELLIDO, FECHANACIMIENTO, FECHACREACION, CORREOALTERNO, CELULAR) VALUES
('U006', '169', 'ACT', 'Sofia', 'Hernandez', TO_DATE('2000-11-18', 'YYYY-MM-DD'), SYSDATE, 'U006@bd.edu.co', '3006789012');
INSERT INTO USUARIO (USUARIO, IDPAIS, IDESTADO, NOMBRE, APELLIDO, FECHANACIMIENTO, FECHACREACION, CORREOALTERNO, CELULAR) VALUES
('U007', '169', 'ACT', 'Andres', 'Torres', TO_DATE('1997-06-25', 'YYYY-MM-DD'), SYSDATE, 'U007@bd.edu.co', '3007890123');
INSERT INTO USUARIO (USUARIO, IDPAIS, IDESTADO, NOMBRE, APELLIDO, FECHANACIMIENTO, FECHACREACION, CORREOALTERNO, CELULAR) VALUES
('U008', '245', 'ACT', 'Valentina', 'Diaz', TO_DATE('1999-04-14', 'YYYY-MM-DD'), SYSDATE, 'U008@bd.edu.es', '3008901234');
INSERT INTO USUARIO (USUARIO, IDPAIS, IDESTADO, NOMBRE, APELLIDO, FECHANACIMIENTO, FECHACREACION, CORREOALTERNO, CELULAR) VALUES
('U009', '169', 'ACT', 'Felipe', 'Castro', TO_DATE('2001-09-09', 'YYYY-MM-DD'), SYSDATE, 'U009@bd.edu.co', '3009012345');
INSERT INTO USUARIO (USUARIO, IDPAIS, IDESTADO, NOMBRE, APELLIDO, FECHANACIMIENTO, FECHACREACION, CORREOALTERNO, CELULAR) VALUES
('U010', '169', 'ACT', 'Camila', 'Rojas', TO_DATE('2003-03-21', 'YYYY-MM-DD'), SYSDATE, 'U010@bd.edu.co', '3009123456');

INSERT INTO CONTACTO (CONSECCONTACTO, USUARIO, USU_USUARIO, NOMBRECONTACTO, CORREOCONTACTO) VALUES
(1, 'U001', 'U002', 'Juan Perez', 'U002@bd.edu.bo');
INSERT INTO CONTACTO (CONSECCONTACTO, USUARIO, USU_USUARIO, NOMBRECONTACTO, CORREOCONTACTO) VALUES
(2, 'U001', 'U003', 'Maria Lopez', 'U003@bd.edu.co');
INSERT INTO CONTACTO (CONSECCONTACTO, USUARIO, USU_USUARIO, NOMBRECONTACTO, CORREOCONTACTO) VALUES
(3, 'U001', 'U004', 'Carlos Ramirez', 'U004@bd.edu.co');
INSERT INTO CONTACTO (CONSECCONTACTO, USUARIO, USU_USUARIO, NOMBRECONTACTO, CORREOCONTACTO) VALUES
(4, 'U001', 'U005', 'Ana Torres', 'U005@bd.edu.co');
INSERT INTO CONTACTO (CONSECCONTACTO, USUARIO, USU_USUARIO, NOMBRECONTACTO, CORREOCONTACTO) VALUES
(5, 'U001', NULL, 'David Gomez', 'david.gomez@gmail.com');
INSERT INTO CONTACTO (CONSECCONTACTO, USUARIO, USU_USUARIO, NOMBRECONTACTO, CORREOCONTACTO) VALUES
(6, 'U001', NULL, 'Luisa Fernandez', 'luisa.fernandez@hotmail.com');
INSERT INTO CONTACTO (CONSECCONTACTO, USUARIO, USU_USUARIO, NOMBRECONTACTO, CORREOCONTACTO) VALUES
(7, 'U002', 'U001', 'Pedro Sanchez', 'U001@bd.edu.ar');
INSERT INTO CONTACTO (CONSECCONTACTO, USUARIO, USU_USUARIO, NOMBRECONTACTO, CORREOCONTACTO) VALUES
(8, 'U002', 'U003', 'Maria Lopez', 'U003@bd.edu.co');
INSERT INTO CONTACTO (CONSECCONTACTO, USUARIO, USU_USUARIO, NOMBRECONTACTO, CORREOCONTACTO) VALUES
(9, 'U002', 'U004', 'Carlos Ramirez', 'U004@bd.edu.co');
INSERT INTO CONTACTO (CONSECCONTACTO, USUARIO, USU_USUARIO, NOMBRECONTACTO, CORREOCONTACTO) VALUES
(10, 'U002', 'U005', 'Ana Torres', 'U005@bd.edu.co');
INSERT INTO CONTACTO (CONSECCONTACTO, USUARIO, USU_USUARIO, NOMBRECONTACTO, CORREOCONTACTO) VALUES
(11, 'U002', NULL, 'Sandra Martinez', 'sandra.martinez@yahoo.com');
INSERT INTO CONTACTO (CONSECCONTACTO, USUARIO, USU_USUARIO, NOMBRECONTACTO, CORREOCONTACTO) VALUES
(12, 'U002', NULL, 'Andres Herrera', 'andres.herrera@gmail.com');
INSERT INTO CONTACTO (CONSECCONTACTO, USUARIO, USU_USUARIO, NOMBRECONTACTO, CORREOCONTACTO) VALUES
(13, 'U003', 'U001', 'Pedro Sanchez', 'U001@bd.edu.ar');
INSERT INTO CONTACTO (CONSECCONTACTO, USUARIO, USU_USUARIO, NOMBRECONTACTO, CORREOCONTACTO) VALUES
(14, 'U003', 'U002', 'Juan Perez', 'U002@bd.edu.bo');
INSERT INTO CONTACTO (CONSECCONTACTO, USUARIO, USU_USUARIO, NOMBRECONTACTO, CORREOCONTACTO) VALUES
(15, 'U003', 'U004', 'Carlos Ramirez', 'U004@bd.edu.co');
INSERT INTO CONTACTO (CONSECCONTACTO, USUARIO, USU_USUARIO, NOMBRECONTACTO, CORREOCONTACTO) VALUES
(16, 'U003', 'U005', 'Ana Torres', 'U005@bd.edu.co');
INSERT INTO CONTACTO (CONSECCONTACTO, USUARIO, USU_USUARIO, NOMBRECONTACTO, CORREOCONTACTO) VALUES
(17, 'U003', NULL, 'Carolina Suarez', 'carolina.suarez@gmail.com');
INSERT INTO CONTACTO (CONSECCONTACTO, USUARIO, USU_USUARIO, NOMBRECONTACTO, CORREOCONTACTO) VALUES
(18, 'U003', NULL, 'Felipe Rojas', 'felipe.rojas@hotmail.com');
INSERT INTO CONTACTO (CONSECCONTACTO, USUARIO, USU_USUARIO, NOMBRECONTACTO, CORREOCONTACTO) VALUES
(19, 'U004', 'U001', 'Pedro Sanchez', 'U001@bd.edu.ar');
INSERT INTO CONTACTO (CONSECCONTACTO, USUARIO, USU_USUARIO, NOMBRECONTACTO, CORREOCONTACTO) VALUES
(20, 'U004', 'U002', 'Juan Perez', 'U002@bd.edu.bo');
INSERT INTO CONTACTO (CONSECCONTACTO, USUARIO, USU_USUARIO, NOMBRECONTACTO, CORREOCONTACTO) VALUES
(21, 'U004', 'U003', 'Maria Lopez', 'U003@bd.edu.co');
INSERT INTO CONTACTO (CONSECCONTACTO, USUARIO, USU_USUARIO, NOMBRECONTACTO, CORREOCONTACTO) VALUES
(22, 'U004', 'U005', 'Ana Torres', 'U005@bd.edu.co');
INSERT INTO CONTACTO (CONSECCONTACTO, USUARIO, USU_USUARIO, NOMBRECONTACTO, CORREOCONTACTO) VALUES
(23, 'U004', NULL, 'Esteban Castro', 'esteban.castro@gmail.com');
INSERT INTO CONTACTO (CONSECCONTACTO, USUARIO, USU_USUARIO, NOMBRECONTACTO, CORREOCONTACTO) VALUES
(24, 'U004', NULL, 'Diana Velasquez', 'diana.velasquez@yahoo.com');
INSERT INTO CONTACTO (CONSECCONTACTO, USUARIO, USU_USUARIO, NOMBRECONTACTO, CORREOCONTACTO) VALUES
(25, 'U005', 'U001', 'Pedro Sanchez', 'U001@bd.edu.ar');
INSERT INTO CONTACTO (CONSECCONTACTO, USUARIO, USU_USUARIO, NOMBRECONTACTO, CORREOCONTACTO) VALUES
(26, 'U005', 'U002', 'Juan Perez', 'U002@bd.edu.bo');
INSERT INTO CONTACTO (CONSECCONTACTO, USUARIO, USU_USUARIO, NOMBRECONTACTO, CORREOCONTACTO) VALUES
(27, 'U005', 'U003', 'Maria Lopez', 'U003@bd.edu.co');
INSERT INTO CONTACTO (CONSECCONTACTO, USUARIO, USU_USUARIO, NOMBRECONTACTO, CORREOCONTACTO) VALUES
(28, 'U005', 'U004', 'Carlos Ramirez', 'U004@bd.edu.co');
INSERT INTO CONTACTO (CONSECCONTACTO, USUARIO, USU_USUARIO, NOMBRECONTACTO, CORREOCONTACTO) VALUES
(29, 'U005', NULL, 'Ricardo Moreno', 'ricardo.moreno@gmail.com');
INSERT INTO CONTACTO (CONSECCONTACTO, USUARIO, USU_USUARIO, NOMBRECONTACTO, CORREOCONTACTO) VALUES
(30, 'U005', NULL, 'Laura Nieto', 'laura.nieto@hotmail.com');
INSERT INTO CONTACTO (CONSECCONTACTO, USUARIO, USU_USUARIO, NOMBRECONTACTO, CORREOCONTACTO) VALUES
(31, 'U006', 'U001', 'Pedro Sanchez', 'U001@bd.edu.ar');
INSERT INTO CONTACTO (CONSECCONTACTO, USUARIO, USU_USUARIO, NOMBRECONTACTO, CORREOCONTACTO) VALUES
(32, 'U006', 'U002', 'Juan Perez', 'U002@bd.edu.bo');
INSERT INTO CONTACTO (CONSECCONTACTO, USUARIO, USU_USUARIO, NOMBRECONTACTO, CORREOCONTACTO) VALUES
(33, 'U006', 'U003', 'Maria Lopez', 'U003@bd.edu.co');
INSERT INTO CONTACTO (CONSECCONTACTO, USUARIO, USU_USUARIO, NOMBRECONTACTO, CORREOCONTACTO) VALUES
(34, 'U006', 'U004', 'Carlos Ramirez', 'U004@bd.edu.co');
INSERT INTO CONTACTO (CONSECCONTACTO, USUARIO, USU_USUARIO, NOMBRECONTACTO, CORREOCONTACTO) VALUES
(35, 'U006', NULL, 'Jose Andrade', 'jose.andrade@gmail.com');
INSERT INTO CONTACTO (CONSECCONTACTO, USUARIO, USU_USUARIO, NOMBRECONTACTO, CORREOCONTACTO) VALUES
(36, 'U006', NULL, 'Valentina Ordonez', 'valentina.ordonez@hotmail.com');
INSERT INTO CONTACTO (CONSECCONTACTO, USUARIO, USU_USUARIO, NOMBRECONTACTO, CORREOCONTACTO) VALUES
(37, 'U007', 'U001', 'Pedro Sanchez', 'U001@bd.edu.ar');
INSERT INTO CONTACTO (CONSECCONTACTO, USUARIO, USU_USUARIO, NOMBRECONTACTO, CORREOCONTACTO) VALUES
(38, 'U007', 'U002', 'Juan Perez', 'U002@bd.edu.bo');
INSERT INTO CONTACTO (CONSECCONTACTO, USUARIO, USU_USUARIO, NOMBRECONTACTO, CORREOCONTACTO) VALUES
(39, 'U007', 'U003', 'Maria Lopez', 'U003@bd.edu.co');
INSERT INTO CONTACTO (CONSECCONTACTO, USUARIO, USU_USUARIO, NOMBRECONTACTO, CORREOCONTACTO) VALUES
(40, 'U007', 'U004', 'Carlos Ramirez', 'U004@bd.edu.co');
INSERT INTO CONTACTO (CONSECCONTACTO, USUARIO, USU_USUARIO, NOMBRECONTACTO, CORREOCONTACTO) VALUES
(41, 'U007', NULL, 'Sofia Munoz', 'sofia.munoz@gmail.com');
INSERT INTO CONTACTO (CONSECCONTACTO, USUARIO, USU_USUARIO, NOMBRECONTACTO, CORREOCONTACTO) VALUES
(42, 'U007', NULL, 'Miguel angel Pena', 'miguel.pena@yahoo.com');
INSERT INTO CONTACTO (CONSECCONTACTO, USUARIO, USU_USUARIO, NOMBRECONTACTO, CORREOCONTACTO) VALUES
(43, 'U008', 'U001', 'Pedro Sanchez', 'U001@bd.edu.ar');
INSERT INTO CONTACTO (CONSECCONTACTO, USUARIO, USU_USUARIO, NOMBRECONTACTO, CORREOCONTACTO) VALUES
(44, 'U008', 'U002', 'Juan Perez', 'U002@bd.edu.bo');
INSERT INTO CONTACTO (CONSECCONTACTO, USUARIO, USU_USUARIO, NOMBRECONTACTO, CORREOCONTACTO) VALUES
(45, 'U008', 'U003', 'Maria Lopez', 'U003@bd.edu.co');
INSERT INTO CONTACTO (CONSECCONTACTO, USUARIO, USU_USUARIO, NOMBRECONTACTO, CORREOCONTACTO) VALUES
(46, 'U008', 'U004', 'Carlos Ramirez', 'U004@bd.edu.co');
INSERT INTO CONTACTO (CONSECCONTACTO, USUARIO, USU_USUARIO, NOMBRECONTACTO, CORREOCONTACTO) VALUES
(47, 'U008', NULL, 'Sebastian Leon', 'sebastian.leon@gmail.com');
INSERT INTO CONTACTO (CONSECCONTACTO, USUARIO, USU_USUARIO, NOMBRECONTACTO, CORREOCONTACTO) VALUES
(48, 'U008', NULL, 'Natalia Espinosa', 'natalia.espinosa@hotmail.com');
INSERT INTO CONTACTO (CONSECCONTACTO, USUARIO, USU_USUARIO, NOMBRECONTACTO, CORREOCONTACTO) VALUES
(49, 'U009', 'U001', 'Pedro Sanchez', 'U001@bd.edu.ar');
INSERT INTO CONTACTO (CONSECCONTACTO, USUARIO, USU_USUARIO, NOMBRECONTACTO, CORREOCONTACTO) VALUES
(50, 'U009', 'U002', 'Juan Perez', 'U002@bd.edu.bo');
INSERT INTO CONTACTO (CONSECCONTACTO, USUARIO, USU_USUARIO, NOMBRECONTACTO, CORREOCONTACTO) VALUES
(51, 'U009', 'U003', 'Maria Lopez', 'U003@bd.edu.co');
INSERT INTO CONTACTO (CONSECCONTACTO, USUARIO, USU_USUARIO, NOMBRECONTACTO, CORREOCONTACTO) VALUES
(52, 'U009', 'U004', 'Carlos Ramirez', 'U004@bd.edu.co');
INSERT INTO CONTACTO (CONSECCONTACTO, USUARIO, USU_USUARIO, NOMBRECONTACTO, CORREOCONTACTO) VALUES
(53, 'U009', NULL, 'Alejandro Vargas', 'alejandro.vargas@gmail.com');
INSERT INTO CONTACTO (CONSECCONTACTO, USUARIO, USU_USUARIO, NOMBRECONTACTO, CORREOCONTACTO) VALUES
(54, 'U009', NULL, 'Camila Ospina', 'camila.ospina@yahoo.com');
INSERT INTO CONTACTO (CONSECCONTACTO, USUARIO, USU_USUARIO, NOMBRECONTACTO, CORREOCONTACTO) VALUES
(55, 'U010', 'U001', 'Pedro Sanchez', 'U001@bd.edu.ar');
INSERT INTO CONTACTO (CONSECCONTACTO, USUARIO, USU_USUARIO, NOMBRECONTACTO, CORREOCONTACTO) VALUES
(56, 'U010', 'U002', 'Juan Perez', 'U002@bd.edu.bo');
INSERT INTO CONTACTO (CONSECCONTACTO, USUARIO, USU_USUARIO, NOMBRECONTACTO, CORREOCONTACTO) VALUES
(57, 'U010', 'U003', 'Maria Lopez', 'U003@bd.edu.co');
INSERT INTO CONTACTO (CONSECCONTACTO, USUARIO, USU_USUARIO, NOMBRECONTACTO, CORREOCONTACTO) VALUES
(58, 'U010', 'U004', 'Carlos Ramirez', 'U004@bd.edu.co');
INSERT INTO CONTACTO (CONSECCONTACTO, USUARIO, USU_USUARIO, NOMBRECONTACTO, CORREOCONTACTO) VALUES
(59, 'U010', NULL, 'Fernanda Gutierrez', 'fernanda.gutierrez@gmail.com');
INSERT INTO CONTACTO (CONSECCONTACTO, USUARIO, USU_USUARIO, NOMBRECONTACTO, CORREOCONTACTO) VALUES
(60, 'U010', NULL, 'Diego Salazar', 'diego.salazar@hotmail.com');

--MENSAJES:
-- Mensajes para cada usuario
INSERT INTO MENSAJE (IDMENSAJE, USUARIO, DESTINATARIO, CARPETA, FECHAENVIO, ASUNTO, CUERPO, ADJUNTOS) VALUES
('M001', 'U001', 'CO', 'INBOX', SYSDATE, 'Reunion de equipo', 'Hola, ¿podemos reunirnos manana?', 0);
INSERT INTO MENSAJE (IDMENSAJE, USUARIO, DESTINATARIO, CARPETA, FECHAENVIO, ASUNTO, CUERPO, ADJUNTOS) VALUES
('M002', 'U001', 'CO', 'SENT', SYSDATE, 'Informe mensual', 'Adjunto el informe de ventas.', 2);
INSERT INTO MENSAJE (IDMENSAJE, USUARIO, DESTINATARIO, CARPETA, FECHAENVIO, ASUNTO, CUERPO, ADJUNTOS) VALUES
('M003', 'U001', 'CO', 'DRAFTS', SYSDATE, 'Pendiente de revision', 'Este mensaje necesita revision.', 0);
INSERT INTO MENSAJE (IDMENSAJE, USUARIO, DESTINATARIO, CARPETA, FECHAENVIO, ASUNTO, CUERPO, ADJUNTOS) VALUES
('M004', 'U001', 'CCO', 'ARCHIVE', SYSDATE, 'Nota confidencial', 'Informacion reservada.', 0);

INSERT INTO MENSAJE (IDMENSAJE, USUARIO, DESTINATARIO, CARPETA, FECHAENVIO, ASUNTO, CUERPO, ADJUNTOS) VALUES
('M005', 'U002', 'CO', 'INBOX', SYSDATE, 'Solicitud de reunion', '¿Disponibilidad para la proxima semana?', 0);
INSERT INTO MENSAJE (IDMENSAJE, USUARIO, DESTINATARIO, CARPETA, FECHAENVIO, ASUNTO, CUERPO, ADJUNTOS) VALUES
('M006', 'U002', 'CO', 'SENT', SYSDATE, 'Datos actualizados', 'Adjunto los archivos requeridos.', 2);
INSERT INTO MENSAJE (IDMENSAJE, USUARIO, DESTINATARIO, CARPETA, FECHAENVIO, ASUNTO, CUERPO, ADJUNTOS) VALUES
('M007', 'U002', 'CO', 'DRAFTS', SYSDATE, 'Revision de contrato', 'Documento en proceso de revision.', 0);
INSERT INTO MENSAJE (IDMENSAJE, USUARIO, DESTINATARIO, CARPETA, FECHAENVIO, ASUNTO, CUERPO, ADJUNTOS) VALUES
('M008', 'U002', 'CCO', 'ARCHIVE', SYSDATE, 'Informacion privada', 'Solo para revision interna.', 0);

-- Se repite la estructura para los demas usuarios (U003 a U010)
INSERT INTO MENSAJE (IDMENSAJE, USUARIO, DESTINATARIO, CARPETA, FECHAENVIO, ASUNTO, CUERPO, ADJUNTOS) VALUES
('M009', 'U003', 'CO', 'INBOX', SYSDATE, 'Reunion de equipo', 'Hola, ¿podemos reunirnos manana?', 0);
INSERT INTO MENSAJE (IDMENSAJE, USUARIO, DESTINATARIO, CARPETA, FECHAENVIO, ASUNTO, CUERPO, ADJUNTOS) VALUES
('M010', 'U003', 'CO', 'SENT', SYSDATE, 'Informe mensual', 'Adjunto el informe de ventas.', 2);
INSERT INTO MENSAJE (IDMENSAJE, USUARIO, DESTINATARIO, CARPETA, FECHAENVIO, ASUNTO, CUERPO, ADJUNTOS) VALUES
('M011', 'U003', 'CO', 'DRAFTS', SYSDATE, 'Pendiente de revision', 'Este mensaje necesita revision.', 0);
INSERT INTO MENSAJE (IDMENSAJE, USUARIO, DESTINATARIO, CARPETA, FECHAENVIO, ASUNTO, CUERPO, ADJUNTOS) VALUES
('M012', 'U003', 'CCO', 'ARCHIVE', SYSDATE, 'Nota confidencial', 'Informacion reservada.', 0);

INSERT INTO MENSAJE (IDMENSAJE, USUARIO, DESTINATARIO, CARPETA, FECHAENVIO, ASUNTO, CUERPO, ADJUNTOS) VALUES
('M013', 'U004', 'CO', 'INBOX', SYSDATE, 'Solicitud de reunion', '¿Disponibilidad para la proxima semana?', 0);
INSERT INTO MENSAJE (IDMENSAJE, USUARIO, DESTINATARIO, CARPETA, FECHAENVIO, ASUNTO, CUERPO, ADJUNTOS) VALUES
('M014', 'U004', 'CO', 'SENT', SYSDATE, 'Datos actualizados', 'Adjunto los archivos requeridos.', 2);
INSERT INTO MENSAJE (IDMENSAJE, USUARIO, DESTINATARIO, CARPETA, FECHAENVIO, ASUNTO, CUERPO, ADJUNTOS) VALUES
('M015', 'U004', 'CO', 'DRAFTS', SYSDATE, 'Revision de contrato', 'Documento en proceso de revision.', 0);
INSERT INTO MENSAJE (IDMENSAJE, USUARIO, DESTINATARIO, CARPETA, FECHAENVIO, ASUNTO, CUERPO, ADJUNTOS) VALUES
('M016', 'U004', 'CCO', 'ARCHIVE', SYSDATE, 'Informacion privada', 'Solo para revision interna.', 0);

INSERT INTO MENSAJE (IDMENSAJE, USUARIO, DESTINATARIO, CARPETA, FECHAENVIO, ASUNTO, CUERPO, ADJUNTOS) VALUES
('M017', 'U005', 'CO', 'INBOX', SYSDATE, 'Reunion de equipo', 'Hola, ¿podemos reunirnos manana?', 0);
INSERT INTO MENSAJE (IDMENSAJE, USUARIO, DESTINATARIO, CARPETA, FECHAENVIO, ASUNTO, CUERPO, ADJUNTOS) VALUES
('M018', 'U005', 'CO', 'SENT', SYSDATE, 'Informe mensual', 'Adjunto el informe de ventas.', 2);
INSERT INTO MENSAJE (IDMENSAJE, USUARIO, DESTINATARIO, CARPETA, FECHAENVIO, ASUNTO, CUERPO, ADJUNTOS) VALUES
('M019', 'U005', 'CO', 'DRAFTS', SYSDATE, 'Pendiente de revision', 'Este mensaje necesita revision.', 0);
INSERT INTO MENSAJE (IDMENSAJE, USUARIO, DESTINATARIO, CARPETA, FECHAENVIO, ASUNTO, CUERPO, ADJUNTOS) VALUES
('M020', 'U005', 'CCO', 'ARCHIVE', SYSDATE, 'Nota confidencial', 'Informacion reservada.', 0);

INSERT INTO MENSAJE (IDMENSAJE, USUARIO, DESTINATARIO, CARPETA, FECHAENVIO, ASUNTO, CUERPO, ADJUNTOS) VALUES
('M021', 'U006', 'CO', 'INBOX', SYSDATE, 'Solicitud de reunion', '¿Disponibilidad para la proxima semana?', 0);
INSERT INTO MENSAJE (IDMENSAJE, USUARIO, DESTINATARIO, CARPETA, FECHAENVIO, ASUNTO, CUERPO, ADJUNTOS) VALUES
('M022', 'U006', 'CO', 'SENT', SYSDATE, 'Datos actualizados', 'Adjunto los archivos requeridos.', 2);
INSERT INTO MENSAJE (IDMENSAJE, USUARIO, DESTINATARIO, CARPETA, FECHAENVIO, ASUNTO, CUERPO, ADJUNTOS) VALUES
('M023', 'U006', 'CO', 'DRAFTS', SYSDATE, 'Revision de contrato', 'Documento en proceso de revision.', 0);
INSERT INTO MENSAJE (IDMENSAJE, USUARIO, DESTINATARIO, CARPETA, FECHAENVIO, ASUNTO, CUERPO, ADJUNTOS) VALUES
('M024', 'U006', 'CCO', 'ARCHIVE', SYSDATE, 'Informacion privada', 'Solo para revision interna.', 0);

INSERT INTO MENSAJE (IDMENSAJE, USUARIO, DESTINATARIO, CARPETA, FECHAENVIO, ASUNTO, CUERPO, ADJUNTOS) VALUES
('M025', 'U007', 'CO', 'INBOX', SYSDATE, 'Reunion de equipo', 'Hola, ¿podemos reunirnos manana?', 0);
INSERT INTO MENSAJE (IDMENSAJE, USUARIO, DESTINATARIO, CARPETA, FECHAENVIO, ASUNTO, CUERPO, ADJUNTOS) VALUES
('M026', 'U007', 'CO', 'SENT', SYSDATE, 'Informe mensual', 'Adjunto el informe de ventas.', 2);
INSERT INTO MENSAJE (IDMENSAJE, USUARIO, DESTINATARIO, CARPETA, FECHAENVIO, ASUNTO, CUERPO, ADJUNTOS) VALUES
('M027', 'U007', 'CO', 'DRAFTS', SYSDATE, 'Pendiente de revision', 'Este mensaje necesita revision.', 0);
INSERT INTO MENSAJE (IDMENSAJE, USUARIO, DESTINATARIO, CARPETA, FECHAENVIO, ASUNTO, CUERPO, ADJUNTOS) VALUES
('M028', 'U007', 'CCO', 'ARCHIVE', SYSDATE, 'Nota confidencial', 'Informacion reservada.', 0);

INSERT INTO MENSAJE (IDMENSAJE, USUARIO, DESTINATARIO, CARPETA, FECHAENVIO, ASUNTO, CUERPO, ADJUNTOS) VALUES
('M029', 'U008', 'CO', 'INBOX', SYSDATE, 'Solicitud de reunion', '¿Disponibilidad para la proxima semana?', 0);
INSERT INTO MENSAJE (IDMENSAJE, USUARIO, DESTINATARIO, CARPETA, FECHAENVIO, ASUNTO, CUERPO, ADJUNTOS) VALUES
('M030', 'U008', 'CO', 'SENT', SYSDATE, 'Datos actualizados', 'Adjunto los archivos requeridos.', 2);
INSERT INTO MENSAJE (IDMENSAJE, USUARIO, DESTINATARIO, CARPETA, FECHAENVIO, ASUNTO, CUERPO, ADJUNTOS) VALUES
('M031', 'U008', 'CO', 'DRAFTS', SYSDATE, 'Revision de contrato', 'Documento en proceso de revision.', 0);
INSERT INTO MENSAJE (IDMENSAJE, USUARIO, DESTINATARIO, CARPETA, FECHAENVIO, ASUNTO, CUERPO, ADJUNTOS) VALUES
('M032', 'U008', 'CCO', 'ARCHIVE', SYSDATE, 'Informacion privada', 'Solo para revision interna.', 0);

INSERT INTO MENSAJE (IDMENSAJE, USUARIO, DESTINATARIO, CARPETA, FECHAENVIO, ASUNTO, CUERPO, ADJUNTOS) VALUES
('M033', 'U009', 'CO', 'INBOX', SYSDATE, 'Reunion de equipo', 'Hola, ¿podemos reunirnos manana?', 0);
INSERT INTO MENSAJE (IDMENSAJE, USUARIO, DESTINATARIO, CARPETA, FECHAENVIO, ASUNTO, CUERPO, ADJUNTOS) VALUES
('M034', 'U009', 'CO', 'SENT', SYSDATE, 'Informe mensual', 'Adjunto el informe de ventas.', 2);
INSERT INTO MENSAJE (IDMENSAJE, USUARIO, DESTINATARIO, CARPETA, FECHAENVIO, ASUNTO, CUERPO, ADJUNTOS) VALUES
('M035', 'U009', 'CO', 'DRAFTS', SYSDATE, 'Pendiente de revision', 'Este mensaje necesita revision.', 0);
INSERT INTO MENSAJE (IDMENSAJE, USUARIO, DESTINATARIO, CARPETA, FECHAENVIO, ASUNTO, CUERPO, ADJUNTOS) VALUES
('M036', 'U009', 'CCO', 'ARCHIVE', SYSDATE, 'Nota confidencial', 'Informacion reservada.', 0);

INSERT INTO MENSAJE (IDMENSAJE, USUARIO, DESTINATARIO, CARPETA, FECHAENVIO, ASUNTO, CUERPO, ADJUNTOS) VALUES
('M037', 'U010', 'CO', 'INBOX', SYSDATE, 'Solicitud de reunion', '¿Disponibilidad para la proxima semana?', 0);
INSERT INTO MENSAJE (IDMENSAJE, USUARIO, DESTINATARIO, CARPETA, FECHAENVIO, ASUNTO, CUERPO, ADJUNTOS) VALUES
('M038', 'U010', 'CO', 'SENT', SYSDATE, 'Datos actualizados', 'Adjunto los archivos requeridos.', 2);
INSERT INTO MENSAJE (IDMENSAJE, USUARIO, DESTINATARIO, CARPETA, FECHAENVIO, ASUNTO, CUERPO, ADJUNTOS) VALUES
('M039', 'U010', 'CO', 'DRAFTS', SYSDATE, 'Revision de contrato', 'Documento en proceso de revision.', 0);
INSERT INTO MENSAJE (IDMENSAJE, USUARIO, DESTINATARIO, CARPETA, FECHAENVIO, ASUNTO, CUERPO, ADJUNTOS) VALUES
('M040', 'U010', 'CCO', 'ARCHIVE', SYSDATE, 'Informacion privada', 'Solo para revision interna.', 0);


commit;


select 
    *
from mensaje m, destinatario d, contacto c
where 
    c.conseccontacto = d.conseccontacto and
    d.idMensaje = m.idMensaje and 
    d.usuario = 'U008';